{"over_18":true,"count":1920775,"percentage":11.679716219577875}
{"over_18":false,"count":14524616,"percentage":88.32028378042213}
